{"cameraMode":{"drawMode":0,"name":"Shaded","section":"Shading Mode"},"sceneLighting":true,"audioPlay":false,"sceneViewState":{"m_AlwaysRefresh":false,"showFog":true,"showSkybox":true,"showFlares":true,"showImageEffects":true,"showParticleSystems":true,"showVisualEffectGraphs":true,"m_FxEnabled":true},"in2DMode":false,"pivot":{"x":7.281815528869629,"y":0.8173521161079407,"z":9.428398132324219},"rotation":{"x":0.08923938125371933,"y":-0.5217981338500977,"z":0.05497133359313011,"w":0.8466556668281555},"size":1.5049349069595338,"orthographic":false}